--
-- PostgreSQL database dump
--

\restrict k6DLK81aCnJ2bKpMd3Z9YS9gR8cE8e9YcTjq8bKiOZyvTGhPCOElkVav9Y5rYws

-- Dumped from database version 17.5
-- Dumped by pg_dump version 18.1

-- Started on 2026-02-24 18:43:50

SET statement_timeout = 0;
SET lock_timeout = 0;
SET idle_in_transaction_session_timeout = 0;
SET transaction_timeout = 0;
SET client_encoding = 'UTF8';
SET standard_conforming_strings = on;
SELECT pg_catalog.set_config('search_path', '', false);
SET check_function_bodies = false;
SET xmloption = content;
SET client_min_messages = warning;
SET row_security = off;

SET default_tablespace = '';

SET default_table_access_method = heap;

--
-- TOC entry 228 (class 1259 OID 24641)
-- Name: accounts_user; Type: TABLE; Schema: public; Owner: nre
--

CREATE TABLE public.accounts_user (
    id bigint NOT NULL,
    password character varying(128) NOT NULL,
    last_login timestamp with time zone,
    is_superuser boolean NOT NULL,
    first_name character varying(150) NOT NULL,
    last_name character varying(150) NOT NULL,
    is_staff boolean NOT NULL,
    is_active boolean NOT NULL,
    date_joined timestamp with time zone NOT NULL,
    email character varying(254) NOT NULL,
    username character varying(30) NOT NULL
);


ALTER TABLE public.accounts_user OWNER TO nre;

--
-- TOC entry 230 (class 1259 OID 24651)
-- Name: accounts_user_groups; Type: TABLE; Schema: public; Owner: nre
--

CREATE TABLE public.accounts_user_groups (
    id bigint NOT NULL,
    user_id bigint NOT NULL,
    group_id integer NOT NULL
);


ALTER TABLE public.accounts_user_groups OWNER TO nre;

--
-- TOC entry 229 (class 1259 OID 24650)
-- Name: accounts_user_groups_id_seq; Type: SEQUENCE; Schema: public; Owner: nre
--

ALTER TABLE public.accounts_user_groups ALTER COLUMN id ADD GENERATED BY DEFAULT AS IDENTITY (
    SEQUENCE NAME public.accounts_user_groups_id_seq
    START WITH 1
    INCREMENT BY 1
    NO MINVALUE
    NO MAXVALUE
    CACHE 1
);


--
-- TOC entry 227 (class 1259 OID 24640)
-- Name: accounts_user_id_seq; Type: SEQUENCE; Schema: public; Owner: nre
--

ALTER TABLE public.accounts_user ALTER COLUMN id ADD GENERATED BY DEFAULT AS IDENTITY (
    SEQUENCE NAME public.accounts_user_id_seq
    START WITH 1
    INCREMENT BY 1
    NO MINVALUE
    NO MAXVALUE
    CACHE 1
);


--
-- TOC entry 232 (class 1259 OID 24657)
-- Name: accounts_user_user_permissions; Type: TABLE; Schema: public; Owner: nre
--

CREATE TABLE public.accounts_user_user_permissions (
    id bigint NOT NULL,
    user_id bigint NOT NULL,
    permission_id integer NOT NULL
);


ALTER TABLE public.accounts_user_user_permissions OWNER TO nre;

--
-- TOC entry 231 (class 1259 OID 24656)
-- Name: accounts_user_user_permissions_id_seq; Type: SEQUENCE; Schema: public; Owner: nre
--

ALTER TABLE public.accounts_user_user_permissions ALTER COLUMN id ADD GENERATED BY DEFAULT AS IDENTITY (
    SEQUENCE NAME public.accounts_user_user_permissions_id_seq
    START WITH 1
    INCREMENT BY 1
    NO MINVALUE
    NO MAXVALUE
    CACHE 1
);


--
-- TOC entry 224 (class 1259 OID 24601)
-- Name: auth_group; Type: TABLE; Schema: public; Owner: nre
--

CREATE TABLE public.auth_group (
    id integer NOT NULL,
    name character varying(150) NOT NULL
);


ALTER TABLE public.auth_group OWNER TO nre;

--
-- TOC entry 223 (class 1259 OID 24600)
-- Name: auth_group_id_seq; Type: SEQUENCE; Schema: public; Owner: nre
--

ALTER TABLE public.auth_group ALTER COLUMN id ADD GENERATED BY DEFAULT AS IDENTITY (
    SEQUENCE NAME public.auth_group_id_seq
    START WITH 1
    INCREMENT BY 1
    NO MINVALUE
    NO MAXVALUE
    CACHE 1
);


--
-- TOC entry 226 (class 1259 OID 24609)
-- Name: auth_group_permissions; Type: TABLE; Schema: public; Owner: nre
--

CREATE TABLE public.auth_group_permissions (
    id bigint NOT NULL,
    group_id integer NOT NULL,
    permission_id integer NOT NULL
);


ALTER TABLE public.auth_group_permissions OWNER TO nre;

--
-- TOC entry 225 (class 1259 OID 24608)
-- Name: auth_group_permissions_id_seq; Type: SEQUENCE; Schema: public; Owner: nre
--

ALTER TABLE public.auth_group_permissions ALTER COLUMN id ADD GENERATED BY DEFAULT AS IDENTITY (
    SEQUENCE NAME public.auth_group_permissions_id_seq
    START WITH 1
    INCREMENT BY 1
    NO MINVALUE
    NO MAXVALUE
    CACHE 1
);


--
-- TOC entry 222 (class 1259 OID 24595)
-- Name: auth_permission; Type: TABLE; Schema: public; Owner: nre
--

CREATE TABLE public.auth_permission (
    id integer NOT NULL,
    name character varying(255) NOT NULL,
    content_type_id integer NOT NULL,
    codename character varying(100) NOT NULL
);


ALTER TABLE public.auth_permission OWNER TO nre;

--
-- TOC entry 221 (class 1259 OID 24594)
-- Name: auth_permission_id_seq; Type: SEQUENCE; Schema: public; Owner: nre
--

ALTER TABLE public.auth_permission ALTER COLUMN id ADD GENERATED BY DEFAULT AS IDENTITY (
    SEQUENCE NAME public.auth_permission_id_seq
    START WITH 1
    INCREMENT BY 1
    NO MINVALUE
    NO MAXVALUE
    CACHE 1
);


--
-- TOC entry 250 (class 1259 OID 24834)
-- Name: db_chamber; Type: TABLE; Schema: public; Owner: nre
--

CREATE TABLE public.db_chamber (
    id bigint NOT NULL,
    name character varying(120) NOT NULL,
    capacity integer NOT NULL,
    amount integer NOT NULL
);


ALTER TABLE public.db_chamber OWNER TO nre;

--
-- TOC entry 249 (class 1259 OID 24833)
-- Name: db_chamber_id_seq; Type: SEQUENCE; Schema: public; Owner: nre
--

ALTER TABLE public.db_chamber ALTER COLUMN id ADD GENERATED BY DEFAULT AS IDENTITY (
    SEQUENCE NAME public.db_chamber_id_seq
    START WITH 1
    INCREMENT BY 1
    NO MINVALUE
    NO MAXVALUE
    CACHE 1
);


--
-- TOC entry 252 (class 1259 OID 25340)
-- Name: nre_project_history; Type: TABLE; Schema: public; Owner: nre
--

CREATE TABLE public.nre_project_history (
    id bigint NOT NULL,
    data jsonb NOT NULL,
    created_at timestamp with time zone NOT NULL,
    updated_at timestamp with time zone NOT NULL,
    project_id bigint NOT NULL,
    user_id bigint NOT NULL,
    action character varying(10) NOT NULL
);


ALTER TABLE public.nre_project_history OWNER TO nre;

--
-- TOC entry 251 (class 1259 OID 25339)
-- Name: db_projecthistory_id_seq; Type: SEQUENCE; Schema: public; Owner: nre
--

ALTER TABLE public.nre_project_history ALTER COLUMN id ADD GENERATED BY DEFAULT AS IDENTITY (
    SEQUENCE NAME public.db_projecthistory_id_seq
    START WITH 1
    INCREMENT BY 1
    NO MINVALUE
    NO MAXVALUE
    CACHE 1
);


--
-- TOC entry 234 (class 1259 OID 24692)
-- Name: django_admin_log; Type: TABLE; Schema: public; Owner: nre
--

CREATE TABLE public.django_admin_log (
    id integer NOT NULL,
    action_time timestamp with time zone NOT NULL,
    object_id text,
    object_repr character varying(200) NOT NULL,
    action_flag smallint NOT NULL,
    change_message text NOT NULL,
    content_type_id integer,
    user_id bigint NOT NULL,
    CONSTRAINT django_admin_log_action_flag_check CHECK ((action_flag >= 0))
);


ALTER TABLE public.django_admin_log OWNER TO nre;

--
-- TOC entry 233 (class 1259 OID 24691)
-- Name: django_admin_log_id_seq; Type: SEQUENCE; Schema: public; Owner: nre
--

ALTER TABLE public.django_admin_log ALTER COLUMN id ADD GENERATED BY DEFAULT AS IDENTITY (
    SEQUENCE NAME public.django_admin_log_id_seq
    START WITH 1
    INCREMENT BY 1
    NO MINVALUE
    NO MAXVALUE
    CACHE 1
);


--
-- TOC entry 220 (class 1259 OID 24587)
-- Name: django_content_type; Type: TABLE; Schema: public; Owner: nre
--

CREATE TABLE public.django_content_type (
    id integer NOT NULL,
    app_label character varying(100) NOT NULL,
    model character varying(100) NOT NULL
);


ALTER TABLE public.django_content_type OWNER TO nre;

--
-- TOC entry 219 (class 1259 OID 24586)
-- Name: django_content_type_id_seq; Type: SEQUENCE; Schema: public; Owner: nre
--

ALTER TABLE public.django_content_type ALTER COLUMN id ADD GENERATED BY DEFAULT AS IDENTITY (
    SEQUENCE NAME public.django_content_type_id_seq
    START WITH 1
    INCREMENT BY 1
    NO MINVALUE
    NO MAXVALUE
    CACHE 1
);


--
-- TOC entry 218 (class 1259 OID 24579)
-- Name: django_migrations; Type: TABLE; Schema: public; Owner: nre
--

CREATE TABLE public.django_migrations (
    id bigint NOT NULL,
    app character varying(255) NOT NULL,
    name character varying(255) NOT NULL,
    applied timestamp with time zone NOT NULL
);


ALTER TABLE public.django_migrations OWNER TO nre;

--
-- TOC entry 217 (class 1259 OID 24578)
-- Name: django_migrations_id_seq; Type: SEQUENCE; Schema: public; Owner: nre
--

ALTER TABLE public.django_migrations ALTER COLUMN id ADD GENERATED BY DEFAULT AS IDENTITY (
    SEQUENCE NAME public.django_migrations_id_seq
    START WITH 1
    INCREMENT BY 1
    NO MINVALUE
    NO MAXVALUE
    CACHE 1
);


--
-- TOC entry 253 (class 1259 OID 25415)
-- Name: django_session; Type: TABLE; Schema: public; Owner: nre
--

CREATE TABLE public.django_session (
    session_key character varying(40) NOT NULL,
    session_data text NOT NULL,
    expire_date timestamp with time zone NOT NULL
);


ALTER TABLE public.django_session OWNER TO nre;

--
-- TOC entry 236 (class 1259 OID 24713)
-- Name: nre_customer; Type: TABLE; Schema: public; Owner: nre
--

CREATE TABLE public.nre_customer (
    id bigint NOT NULL,
    name character varying(120) NOT NULL,
    created_at timestamp with time zone NOT NULL,
    updated_at timestamp with time zone NOT NULL
);


ALTER TABLE public.nre_customer OWNER TO nre;

--
-- TOC entry 235 (class 1259 OID 24712)
-- Name: nre_customer_id_seq; Type: SEQUENCE; Schema: public; Owner: nre
--

ALTER TABLE public.nre_customer ALTER COLUMN id ADD GENERATED BY DEFAULT AS IDENTITY (
    SEQUENCE NAME public.nre_customer_id_seq
    START WITH 1
    INCREMENT BY 1
    NO MINVALUE
    NO MAXVALUE
    CACHE 1
);


--
-- TOC entry 248 (class 1259 OID 24749)
-- Name: nre_fee; Type: TABLE; Schema: public; Owner: nre
--

CREATE TABLE public.nre_fee (
    id bigint NOT NULL,
    year integer NOT NULL,
    amount character varying(10),
    test_item_id bigint NOT NULL,
    chamber character varying(120) NOT NULL
);


ALTER TABLE public.nre_fee OWNER TO nre;

--
-- TOC entry 247 (class 1259 OID 24748)
-- Name: nre_fee_id_seq; Type: SEQUENCE; Schema: public; Owner: nre
--

ALTER TABLE public.nre_fee ALTER COLUMN id ADD GENERATED BY DEFAULT AS IDENTITY (
    SEQUENCE NAME public.nre_fee_id_seq
    START WITH 1
    INCREMENT BY 1
    NO MINVALUE
    NO MAXVALUE
    CACHE 1
);


--
-- TOC entry 238 (class 1259 OID 24719)
-- Name: nre_function; Type: TABLE; Schema: public; Owner: nre
--

CREATE TABLE public.nre_function (
    id bigint NOT NULL,
    name character varying(120) NOT NULL,
    "order" integer,
    customer_id bigint NOT NULL
);


ALTER TABLE public.nre_function OWNER TO nre;

--
-- TOC entry 237 (class 1259 OID 24718)
-- Name: nre_function_id_seq; Type: SEQUENCE; Schema: public; Owner: nre
--

ALTER TABLE public.nre_function ALTER COLUMN id ADD GENERATED BY DEFAULT AS IDENTITY (
    SEQUENCE NAME public.nre_function_id_seq
    START WITH 1
    INCREMENT BY 1
    NO MINVALUE
    NO MAXVALUE
    CACHE 1
);


--
-- TOC entry 240 (class 1259 OID 24725)
-- Name: nre_item; Type: TABLE; Schema: public; Owner: nre
--

CREATE TABLE public.nre_item (
    id bigint NOT NULL,
    name character varying(500) NOT NULL,
    equip_working_hours character varying(10),
    man_working_hours character varying(10),
    no character varying(500) NOT NULL,
    "order" integer,
    created_at timestamp with time zone NOT NULL,
    updated_at timestamp with time zone NOT NULL
);


ALTER TABLE public.nre_item OWNER TO nre;

--
-- TOC entry 239 (class 1259 OID 24724)
-- Name: nre_item_id_seq; Type: SEQUENCE; Schema: public; Owner: nre
--

ALTER TABLE public.nre_item ALTER COLUMN id ADD GENERATED BY DEFAULT AS IDENTITY (
    SEQUENCE NAME public.nre_item_id_seq
    START WITH 1
    INCREMENT BY 1
    NO MINVALUE
    NO MAXVALUE
    CACHE 1
);


--
-- TOC entry 242 (class 1259 OID 24731)
-- Name: nre_project; Type: TABLE; Schema: public; Owner: nre
--

CREATE TABLE public.nre_project (
    id bigint NOT NULL,
    name character varying(520) NOT NULL,
    power_ratio character varying(10),
    customer_id bigint NOT NULL,
    version character varying(120) NOT NULL,
    created_at timestamp with time zone NOT NULL,
    updated_at timestamp with time zone NOT NULL,
    equip_hrs numeric(10,2),
    man_hrs numeric(10,2),
    fees numeric(10,2),
    pkg_bu_duration character varying(10),
    pkg_bu_duty_rate character varying(10),
    pkg_concept_duration character varying(10),
    pkg_concept_duty_rate character varying(10),
    pkg_ct_duration character varying(10),
    pkg_ct_duty_rate character varying(10),
    pkg_nt_duration character varying(10),
    pkg_nt_duty_rate character varying(10),
    pkg_ot_duration character varying(10),
    pkg_ot_duty_rate character varying(10),
    rel_bu_duration character varying(10),
    rel_bu_duty_rate character varying(10),
    rel_concept_duration character varying(10),
    rel_concept_duty_rate character varying(10),
    rel_ct_duration character varying(10),
    rel_ct_duty_rate character varying(10),
    rel_nt_duration character varying(10),
    rel_nt_duty_rate character varying(10),
    rel_ot_duration character varying(10),
    rel_ot_duty_rate character varying(10),
    sv_bu_duration character varying(10),
    sv_bu_duty_rate character varying(10),
    sv_concept_duration character varying(10),
    sv_concept_duty_rate character varying(10),
    sv_ct_duration character varying(10),
    sv_ct_duty_rate character varying(10),
    sv_nt_duration character varying(10),
    sv_nt_duty_rate character varying(10),
    sv_ot_duration character varying(10),
    sv_ot_duty_rate character varying(10),
    count boolean NOT NULL,
    hide boolean NOT NULL,
    fee_cost boolean NOT NULL,
    user_id bigint
);


ALTER TABLE public.nre_project OWNER TO nre;

--
-- TOC entry 241 (class 1259 OID 24730)
-- Name: nre_project_id_seq; Type: SEQUENCE; Schema: public; Owner: nre
--

ALTER TABLE public.nre_project ALTER COLUMN id ADD GENERATED BY DEFAULT AS IDENTITY (
    SEQUENCE NAME public.nre_project_id_seq
    START WITH 1
    INCREMENT BY 1
    NO MINVALUE
    NO MAXVALUE
    CACHE 1
);


--
-- TOC entry 246 (class 1259 OID 24743)
-- Name: nre_record; Type: TABLE; Schema: public; Owner: nre
--

CREATE TABLE public.nre_record (
    id bigint NOT NULL,
    concept_test_uut integer,
    concept_need_test boolean NOT NULL,
    concept_regression_rate character varying(10),
    bu_test_uut integer,
    bu_need_test boolean NOT NULL,
    bu_regression_rate character varying(10),
    ct_test_uut integer,
    ct_need_test boolean NOT NULL,
    ct_regression_rate character varying(10),
    nt_test_uut integer,
    nt_need_test boolean NOT NULL,
    nt_regression_rate character varying(10),
    ot_test_uut integer,
    ot_need_test boolean NOT NULL,
    ot_regression_rate character varying(10),
    project_id bigint,
    test_item_id bigint NOT NULL,
    walk_in boolean NOT NULL,
    all_need_test boolean NOT NULL
);


ALTER TABLE public.nre_record OWNER TO nre;

--
-- TOC entry 245 (class 1259 OID 24742)
-- Name: nre_record_id_seq; Type: SEQUENCE; Schema: public; Owner: nre
--

ALTER TABLE public.nre_record ALTER COLUMN id ADD GENERATED BY DEFAULT AS IDENTITY (
    SEQUENCE NAME public.nre_record_id_seq
    START WITH 1
    INCREMENT BY 1
    NO MINVALUE
    NO MAXVALUE
    CACHE 1
);


--
-- TOC entry 244 (class 1259 OID 24737)
-- Name: nre_test_item; Type: TABLE; Schema: public; Owner: nre
--

CREATE TABLE public.nre_test_item (
    id bigint NOT NULL,
    lab_location character varying(120),
    function_id bigint NOT NULL,
    item_id bigint NOT NULL,
    "order" integer NOT NULL
);


ALTER TABLE public.nre_test_item OWNER TO nre;

--
-- TOC entry 243 (class 1259 OID 24736)
-- Name: nre_test_item_id_seq; Type: SEQUENCE; Schema: public; Owner: nre
--

ALTER TABLE public.nre_test_item ALTER COLUMN id ADD GENERATED BY DEFAULT AS IDENTITY (
    SEQUENCE NAME public.nre_test_item_id_seq
    START WITH 1
    INCREMENT BY 1
    NO MINVALUE
    NO MAXVALUE
    CACHE 1
);


--
-- TOC entry 255 (class 1259 OID 25426)
-- Name: token_blacklist_blacklistedtoken; Type: TABLE; Schema: public; Owner: nre
--

CREATE TABLE public.token_blacklist_blacklistedtoken (
    id bigint NOT NULL,
    blacklisted_at timestamp with time zone NOT NULL,
    token_id bigint NOT NULL
);


ALTER TABLE public.token_blacklist_blacklistedtoken OWNER TO nre;

--
-- TOC entry 254 (class 1259 OID 25425)
-- Name: token_blacklist_blacklistedtoken_id_seq; Type: SEQUENCE; Schema: public; Owner: nre
--

ALTER TABLE public.token_blacklist_blacklistedtoken ALTER COLUMN id ADD GENERATED BY DEFAULT AS IDENTITY (
    SEQUENCE NAME public.token_blacklist_blacklistedtoken_id_seq
    START WITH 1
    INCREMENT BY 1
    NO MINVALUE
    NO MAXVALUE
    CACHE 1
);


--
-- TOC entry 257 (class 1259 OID 25432)
-- Name: token_blacklist_outstandingtoken; Type: TABLE; Schema: public; Owner: nre
--

CREATE TABLE public.token_blacklist_outstandingtoken (
    id bigint NOT NULL,
    token text NOT NULL,
    created_at timestamp with time zone,
    expires_at timestamp with time zone NOT NULL,
    user_id bigint,
    jti character varying(255) NOT NULL
);


ALTER TABLE public.token_blacklist_outstandingtoken OWNER TO nre;

--
-- TOC entry 256 (class 1259 OID 25431)
-- Name: token_blacklist_outstandingtoken_id_seq; Type: SEQUENCE; Schema: public; Owner: nre
--

ALTER TABLE public.token_blacklist_outstandingtoken ALTER COLUMN id ADD GENERATED BY DEFAULT AS IDENTITY (
    SEQUENCE NAME public.token_blacklist_outstandingtoken_id_seq
    START WITH 1
    INCREMENT BY 1
    NO MINVALUE
    NO MAXVALUE
    CACHE 1
);


--
-- TOC entry 3582 (class 0 OID 24641)
-- Dependencies: 228
-- Data for Name: accounts_user; Type: TABLE DATA; Schema: public; Owner: nre
--

COPY public.accounts_user (id, password, last_login, is_superuser, first_name, last_name, is_staff, is_active, date_joined, email, username) FROM stdin;
1	pbkdf2_sha256$1000000$4Ftz6vWfggkiRJHgwTEgG5$AGqY/q9OgBhYNmLJ2+HAXv8Ff8mP2joCEnmV7c42DXE=	2026-02-24 04:48:52.916362+00	t			t	t	2025-07-08 04:39:56.433154+00	admin@compal.com	
\.


--
-- TOC entry 3584 (class 0 OID 24651)
-- Dependencies: 230
-- Data for Name: accounts_user_groups; Type: TABLE DATA; Schema: public; Owner: nre
--

COPY public.accounts_user_groups (id, user_id, group_id) FROM stdin;
\.


--
-- TOC entry 3586 (class 0 OID 24657)
-- Dependencies: 232
-- Data for Name: accounts_user_user_permissions; Type: TABLE DATA; Schema: public; Owner: nre
--

COPY public.accounts_user_user_permissions (id, user_id, permission_id) FROM stdin;
\.


--
-- TOC entry 3578 (class 0 OID 24601)
-- Dependencies: 224
-- Data for Name: auth_group; Type: TABLE DATA; Schema: public; Owner: nre
--

COPY public.auth_group (id, name) FROM stdin;
\.


--
-- TOC entry 3580 (class 0 OID 24609)
-- Dependencies: 226
-- Data for Name: auth_group_permissions; Type: TABLE DATA; Schema: public; Owner: nre
--

COPY public.auth_group_permissions (id, group_id, permission_id) FROM stdin;
\.


--
-- TOC entry 3576 (class 0 OID 24595)
-- Dependencies: 222
-- Data for Name: auth_permission; Type: TABLE DATA; Schema: public; Owner: nre
--

COPY public.auth_permission (id, name, content_type_id, codename) FROM stdin;
1	Can add log entry	1	add_logentry
2	Can change log entry	1	change_logentry
3	Can delete log entry	1	delete_logentry
4	Can view log entry	1	view_logentry
5	Can add permission	2	add_permission
6	Can change permission	2	change_permission
7	Can delete permission	2	delete_permission
8	Can view permission	2	view_permission
9	Can add group	3	add_group
10	Can change group	3	change_group
11	Can delete group	3	delete_group
12	Can view group	3	view_group
13	Can add content type	4	add_contenttype
14	Can change content type	4	change_contenttype
15	Can delete content type	4	delete_contenttype
16	Can view content type	4	view_contenttype
17	Can add session	5	add_session
18	Can change session	5	change_session
19	Can delete session	5	delete_session
20	Can view session	5	view_session
21	Can add user	6	add_user
22	Can change user	6	change_user
23	Can delete user	6	delete_user
24	Can view user	6	view_user
25	Can add customer	7	add_customer
26	Can change customer	7	change_customer
27	Can delete customer	7	delete_customer
28	Can view customer	7	view_customer
29	Can add function	8	add_function
30	Can change function	8	change_function
31	Can delete function	8	delete_function
32	Can view function	8	view_function
33	Can add item	9	add_item
34	Can change item	9	change_item
35	Can delete item	9	delete_item
36	Can view item	9	view_item
37	Can add project	10	add_project
38	Can change project	10	change_project
39	Can delete project	10	delete_project
40	Can view project	10	view_project
41	Can add test item	11	add_testitem
42	Can change test item	11	change_testitem
43	Can delete test item	11	delete_testitem
44	Can view test item	11	view_testitem
45	Can add record	12	add_record
46	Can change record	12	change_record
47	Can delete record	12	delete_record
48	Can view record	12	view_record
49	Can add fee	13	add_fee
50	Can change fee	13	change_fee
51	Can delete fee	13	delete_fee
52	Can view fee	13	view_fee
53	Can add chamber	14	add_chamber
54	Can change chamber	14	change_chamber
55	Can delete chamber	14	delete_chamber
56	Can view chamber	14	view_chamber
57	Can add project history	15	add_projecthistory
58	Can change project history	15	change_projecthistory
59	Can delete project history	15	delete_projecthistory
60	Can view project history	15	view_projecthistory
61	Can add blacklisted token	16	add_blacklistedtoken
62	Can change blacklisted token	16	change_blacklistedtoken
63	Can delete blacklisted token	16	delete_blacklistedtoken
64	Can view blacklisted token	16	view_blacklistedtoken
65	Can add outstanding token	17	add_outstandingtoken
66	Can change outstanding token	17	change_outstandingtoken
67	Can delete outstanding token	17	delete_outstandingtoken
68	Can view outstanding token	17	view_outstandingtoken
\.


--
-- TOC entry 3604 (class 0 OID 24834)
-- Dependencies: 250
-- Data for Name: db_chamber; Type: TABLE DATA; Schema: public; Owner: nre
--

COPY public.db_chamber (id, name, capacity, amount) FROM stdin;
1	2K	2000	10
2	Walk-in	6000	2
\.


--
-- TOC entry 3588 (class 0 OID 24692)
-- Dependencies: 234
-- Data for Name: django_admin_log; Type: TABLE DATA; Schema: public; Owner: nre
--

COPY public.django_admin_log (id, action_time, object_id, object_repr, action_flag, change_message, content_type_id, user_id) FROM stdin;
1	2025-07-08 04:46:24.733512+00	1	A26	1	[{"added": {}}]	7	1
2	2026-02-24 05:09:03.950627+00	1	Chamber object (1)	1	[{"added": {}}]	14	1
3	2026-02-24 05:09:17.237844+00	2	Chamber object (2)	1	[{"added": {}}]	14	1
\.


--
-- TOC entry 3574 (class 0 OID 24587)
-- Dependencies: 220
-- Data for Name: django_content_type; Type: TABLE DATA; Schema: public; Owner: nre
--

COPY public.django_content_type (id, app_label, model) FROM stdin;
1	admin	logentry
2	auth	permission
3	auth	group
4	contenttypes	contenttype
5	sessions	session
6	accounts	user
7	db	customer
8	db	function
9	db	item
10	db	project
11	db	testitem
12	db	record
13	db	fee
14	db	chamber
15	db	projecthistory
16	token_blacklist	blacklistedtoken
17	token_blacklist	outstandingtoken
\.


--
-- TOC entry 3572 (class 0 OID 24579)
-- Dependencies: 218
-- Data for Name: django_migrations; Type: TABLE DATA; Schema: public; Owner: nre
--

COPY public.django_migrations (id, app, name, applied) FROM stdin;
1	contenttypes	0001_initial	2025-07-08 04:38:30.194705+00
2	contenttypes	0002_remove_content_type_name	2025-07-08 04:38:30.213334+00
3	auth	0001_initial	2025-07-08 04:38:30.277274+00
4	auth	0002_alter_permission_name_max_length	2025-07-08 04:38:30.288478+00
5	auth	0003_alter_user_email_max_length	2025-07-08 04:38:30.297488+00
6	auth	0004_alter_user_username_opts	2025-07-08 04:38:30.308834+00
7	auth	0005_alter_user_last_login_null	2025-07-08 04:38:30.319613+00
8	auth	0006_require_contenttypes_0002	2025-07-08 04:38:30.32721+00
9	auth	0007_alter_validators_add_error_messages	2025-07-08 04:38:30.33633+00
10	auth	0008_alter_user_username_max_length	2025-07-08 04:38:30.346298+00
11	auth	0009_alter_user_last_name_max_length	2025-07-08 04:38:30.355038+00
12	auth	0010_alter_group_name_max_length	2025-07-08 04:38:30.369124+00
13	auth	0011_update_proxy_permissions	2025-07-08 04:38:30.376761+00
14	auth	0012_alter_user_first_name_max_length	2025-07-08 04:38:30.386305+00
15	accounts	0001_initial	2025-07-08 04:38:30.454144+00
16	accounts	0002_remove_user_db_remove_user_session_id_and_more	2025-07-08 04:38:30.501255+00
17	admin	0001_initial	2025-07-08 04:38:30.537179+00
18	admin	0002_logentry_remove_auto_add	2025-07-08 04:38:30.545178+00
19	admin	0003_logentry_add_action_flag_choices	2025-07-08 04:38:30.557919+00
20	db	0001_initial	2025-07-08 04:38:30.652013+00
21	db	0002_testitem_item	2025-07-08 04:38:30.669978+00
22	db	0003_item_desc	2025-07-08 04:38:30.686301+00
23	db	0004_remove_item_desc_item_no	2025-07-08 04:38:30.707347+00
24	db	0005_remove_item_equip_working_hour_and_more	2025-07-08 04:38:30.743122+00
25	db	0006_project_customer	2025-07-08 04:38:30.769447+00
26	db	0007_alter_item_equip_working_hours_and_more	2025-07-08 04:38:30.783518+00
27	db	0008_alter_testitem_item	2025-07-08 04:38:30.830689+00
28	db	0009_remove_item_no_alter_fee_test_item	2025-07-08 04:38:30.847293+00
29	db	0010_alter_item_name	2025-07-08 04:38:30.864152+00
30	db	0011_alter_item_name	2025-07-08 04:38:30.890412+00
31	db	0012_alter_item_name	2025-07-08 04:38:30.905816+00
32	db	0013_alter_fee_test_item_alter_testitem_lab_location	2025-07-08 04:38:30.924198+00
33	db	0014_item_no_alter_item_name	2025-07-08 04:38:30.955317+00
34	db	0015_alter_item_no	2025-07-08 04:38:30.973235+00
35	db	0016_project_version	2025-07-08 04:38:30.988245+00
36	db	0017_alter_project_unique_together	2025-07-08 04:38:31.000523+00
37	db	0018_alter_customer_name	2025-07-08 04:38:31.01642+00
38	db	0019_testitem_order	2025-07-08 04:38:31.029321+00
39	db	0020_record_walk_in	2025-07-08 04:38:31.045313+00
40	db	0021_alter_record_walk_in	2025-07-08 04:38:31.053546+00
41	db	0022_alter_project_unique_together	2025-07-08 04:38:31.081617+00
42	db	0023_chamber_alter_fee_amount	2025-07-08 04:38:31.096521+00
43	db	0024_item_order	2025-07-08 04:38:31.106827+00
44	db	0025_customer_created_at_customer_updated_at_and_more	2025-07-08 04:38:31.150384+00
45	db	0026_alter_customer_created_at_alter_customer_updated_at_and_more	2025-07-08 04:38:31.182685+00
46	db	0027_summary	2025-07-08 04:38:31.209684+00
47	db	0028_rename_equip_hours_summary_equip_hrs_and_more	2025-07-08 04:38:31.225217+00
48	db	0029_summary_created_at_summary_updated_at	2025-07-08 04:38:31.246267+00
49	db	0030_alter_summary_created_at_alter_summary_updated_at	2025-07-08 04:38:31.263305+00
50	db	0031_project_equip_hrs_project_man_hrs_delete_summary	2025-07-08 04:38:31.284425+00
51	db	0032_project_fees	2025-07-08 04:38:31.29739+00
52	db	0033_project_pkg_bu_duration_project_pkg_bu_duty_rate_and_more	2025-07-08 04:38:31.58172+00
53	db	0034_alter_project_rel_concept_duration	2025-07-08 04:38:31.601848+00
54	db	0035_alter_fee_amount_alter_item_equip_working_hours_and_more	2025-07-08 04:38:32.1834+00
55	db	0036_remove_project_rel_bu_hr_and_more	2025-07-08 04:38:32.292447+00
56	db	0037_remove_project_pkg_bu_hr_and_more	2025-07-08 04:38:32.342997+00
57	db	0038_alter_project_equip_hrs_alter_project_fees_and_more	2025-07-08 04:38:32.385918+00
58	db	0039_alter_fee_amount	2025-07-08 04:38:32.403643+00
59	db	0040_alter_testitem_lab_location	2025-07-08 04:38:32.420645+00
60	db	0041_testitem_chamber	2025-07-08 04:38:32.440648+00
61	db	0042_alter_testitem_chamber	2025-07-08 04:38:32.457968+00
62	db	0043_alter_testitem_unique_together	2025-07-08 04:38:32.47347+00
63	db	0044_alter_testitem_chamber	2025-07-08 04:38:32.486942+00
64	db	0045_alter_testitem_chamber	2025-07-08 04:38:32.503021+00
65	db	0046_alter_testitem_order	2025-07-08 04:38:32.522208+00
66	db	0047_alter_function_customer	2025-07-08 04:38:32.533599+00
67	db	0048_alter_function_customer	2025-07-08 04:38:32.545567+00
68	db	0049_fee_chamber_alter_testitem_unique_together_and_more	2025-07-08 04:38:32.601179+00
69	db	0050_alter_project_version	2025-07-08 04:38:32.630177+00
70	db	0051_alter_project_version	2025-07-08 04:38:32.64538+00
71	db	0052_projecthistory	2025-07-08 04:38:32.684554+00
72	db	0053_alter_projecthistory_table	2025-07-08 04:38:32.700455+00
73	db	0054_projecthistory_action	2025-07-08 04:38:32.725186+00
74	db	0055_projecthistory_customer_projecthistory_version_and_more	2025-07-08 04:38:32.79689+00
75	db	0056_remove_projecthistory_customer_and_more	2025-07-08 04:38:32.880337+00
76	db	0057_alter_item_no_alter_project_name	2025-07-08 04:38:32.905261+00
77	db	0058_alter_item_name_alter_item_no	2025-07-08 04:38:32.926244+00
78	db	0059_record_all_need_test	2025-07-08 04:38:32.952491+00
79	db	0060_project_count_project_hide	2025-07-08 04:38:32.981742+00
80	db	0061_project_fee_cost	2025-07-08 04:38:33.000591+00
81	db	0062_project_updated_by	2025-07-08 04:38:33.027792+00
82	db	0063_rename_updated_by_project_user	2025-07-08 04:38:33.066893+00
83	db	0064_alter_project_fee_cost	2025-07-08 04:38:33.080268+00
84	sessions	0001_initial	2025-07-08 04:38:33.105205+00
85	token_blacklist	0001_initial	2025-07-08 04:57:33.795945+00
86	token_blacklist	0002_outstandingtoken_jti_hex	2025-07-08 04:57:33.837735+00
87	token_blacklist	0003_auto_20171017_2007	2025-07-08 04:57:33.861613+00
88	token_blacklist	0004_auto_20171017_2013	2025-07-08 04:57:33.886327+00
89	token_blacklist	0005_remove_outstandingtoken_jti	2025-07-08 04:57:33.905103+00
90	token_blacklist	0006_auto_20171017_2113	2025-07-08 04:57:33.922956+00
91	token_blacklist	0007_auto_20171017_2214	2025-07-08 04:57:33.97726+00
92	token_blacklist	0008_migrate_to_bigautofield	2025-07-08 04:57:34.047027+00
93	token_blacklist	0010_fix_migrate_to_bigautofield	2025-07-08 04:57:34.078862+00
94	token_blacklist	0011_linearizes_history	2025-07-08 04:57:34.08883+00
95	token_blacklist	0012_alter_outstandingtoken_user	2025-07-08 04:57:34.106051+00
\.


--
-- TOC entry 3607 (class 0 OID 25415)
-- Dependencies: 253
-- Data for Name: django_session; Type: TABLE DATA; Schema: public; Owner: nre
--

COPY public.django_session (session_key, session_data, expire_date) FROM stdin;
6xh5orhe2t2omawyy6nt5r92mjdsr0sx	.eJxVjEEOwiAQRe_C2hCgZZi6dO8ZyAyDUjU0Ke3KeHfbpAvd_vf-e6tI61Li2vIcR1FnZdXpd2NKz1x3IA-q90mnqS7zyHpX9EGbvk6SX5fD_QsUamV7-3AzgH0n1vWOoGNICAwhMBprCYZsnEFkFGGWresAAjhvxWdMQ1KfL8AnN3U:1uZ0Ct:-jk0fkIiTnymr2FS_tLjaRuAnSwnpS_DjcDP018hDP0	2025-07-22 04:45:27.864941+00
41wxxpul9ld489hx4xi34xcua6qa2ppw	.eJxVjEEOwiAQRe_C2hCgZZi6dO8ZyAyDUjU0Ke3KeHfbpAvd_vf-e6tI61Li2vIcR1FnZdXpd2NKz1x3IA-q90mnqS7zyHpX9EGbvk6SX5fD_QsUamV7-3AzgH0n1vWOoGNICAwhMBprCYZsnEFkFGGWresAAjhvxWdMQ1KfL8AnN3U:1vukLs:gr-2VnXZhlrd3QOinF0OykivGX1NvDixgg9c2Yqs6xg	2026-03-10 04:48:52.918485+00
\.


--
-- TOC entry 3590 (class 0 OID 24713)
-- Dependencies: 236
-- Data for Name: nre_customer; Type: TABLE DATA; Schema: public; Owner: nre
--

COPY public.nre_customer (id, name, created_at, updated_at) FROM stdin;
\.


--
-- TOC entry 3602 (class 0 OID 24749)
-- Dependencies: 248
-- Data for Name: nre_fee; Type: TABLE DATA; Schema: public; Owner: nre
--

COPY public.nre_fee (id, year, amount, test_item_id, chamber) FROM stdin;
\.


--
-- TOC entry 3592 (class 0 OID 24719)
-- Dependencies: 238
-- Data for Name: nre_function; Type: TABLE DATA; Schema: public; Owner: nre
--

COPY public.nre_function (id, name, "order", customer_id) FROM stdin;
\.


--
-- TOC entry 3594 (class 0 OID 24725)
-- Dependencies: 240
-- Data for Name: nre_item; Type: TABLE DATA; Schema: public; Owner: nre
--

COPY public.nre_item (id, name, equip_working_hours, man_working_hours, no, "order", created_at, updated_at) FROM stdin;
\.


--
-- TOC entry 3596 (class 0 OID 24731)
-- Dependencies: 242
-- Data for Name: nre_project; Type: TABLE DATA; Schema: public; Owner: nre
--

COPY public.nre_project (id, name, power_ratio, customer_id, version, created_at, updated_at, equip_hrs, man_hrs, fees, pkg_bu_duration, pkg_bu_duty_rate, pkg_concept_duration, pkg_concept_duty_rate, pkg_ct_duration, pkg_ct_duty_rate, pkg_nt_duration, pkg_nt_duty_rate, pkg_ot_duration, pkg_ot_duty_rate, rel_bu_duration, rel_bu_duty_rate, rel_concept_duration, rel_concept_duty_rate, rel_ct_duration, rel_ct_duty_rate, rel_nt_duration, rel_nt_duty_rate, rel_ot_duration, rel_ot_duty_rate, sv_bu_duration, sv_bu_duty_rate, sv_concept_duration, sv_concept_duty_rate, sv_ct_duration, sv_ct_duty_rate, sv_nt_duration, sv_nt_duty_rate, sv_ot_duration, sv_ot_duty_rate, count, hide, fee_cost, user_id) FROM stdin;
\.


--
-- TOC entry 3606 (class 0 OID 25340)
-- Dependencies: 252
-- Data for Name: nre_project_history; Type: TABLE DATA; Schema: public; Owner: nre
--

COPY public.nre_project_history (id, data, created_at, updated_at, project_id, user_id, action) FROM stdin;
\.


--
-- TOC entry 3600 (class 0 OID 24743)
-- Dependencies: 246
-- Data for Name: nre_record; Type: TABLE DATA; Schema: public; Owner: nre
--

COPY public.nre_record (id, concept_test_uut, concept_need_test, concept_regression_rate, bu_test_uut, bu_need_test, bu_regression_rate, ct_test_uut, ct_need_test, ct_regression_rate, nt_test_uut, nt_need_test, nt_regression_rate, ot_test_uut, ot_need_test, ot_regression_rate, project_id, test_item_id, walk_in, all_need_test) FROM stdin;
\.


--
-- TOC entry 3598 (class 0 OID 24737)
-- Dependencies: 244
-- Data for Name: nre_test_item; Type: TABLE DATA; Schema: public; Owner: nre
--

COPY public.nre_test_item (id, lab_location, function_id, item_id, "order") FROM stdin;
\.


--
-- TOC entry 3609 (class 0 OID 25426)
-- Dependencies: 255
-- Data for Name: token_blacklist_blacklistedtoken; Type: TABLE DATA; Schema: public; Owner: nre
--

COPY public.token_blacklist_blacklistedtoken (id, blacklisted_at, token_id) FROM stdin;
\.


--
-- TOC entry 3611 (class 0 OID 25432)
-- Dependencies: 257
-- Data for Name: token_blacklist_outstandingtoken; Type: TABLE DATA; Schema: public; Owner: nre
--

COPY public.token_blacklist_outstandingtoken (id, token, created_at, expires_at, user_id, jti) FROM stdin;
1	eyJhbGciOiJIUzI1NiIsInR5cCI6IkpXVCJ9.eyJ0b2tlbl90eXBlIjoicmVmcmVzaCIsImV4cCI6MTc1NDU4NzMzMSwiaWF0IjoxNzUxOTk1MzMxLCJqdGkiOiI4NDgwMDNiZDllZWM0MzhjOGI4MTQwODNmYzcwNDVkZiIsInVzZXJfaWQiOjF9.SeUioRanRDMAD_YKO-alxZtvuuDGdX4mpv1O9kmDBLM	2025-07-08 17:22:11.867431+00	2025-08-07 17:22:11+00	1	848003bd9eec438c8b814083fc7045df
2	eyJhbGciOiJIUzI1NiIsInR5cCI6IkpXVCJ9.eyJ0b2tlbl90eXBlIjoicmVmcmVzaCIsImV4cCI6MTc1NDU4NzMzMywiaWF0IjoxNzUxOTk1MzMzLCJqdGkiOiJkMmExZWY3ZDZlM2Y0N2M4YjY5ZTE2NzQzNWRkOGUxMSIsInVzZXJfaWQiOjF9.hFBrtpVX7f3VWS13c9kCuWTteUWKma623MVIDpJdbgw	2025-07-08 17:22:13.737878+00	2025-08-07 17:22:13+00	1	d2a1ef7d6e3f47c8b69e167435dd8e11
3	eyJhbGciOiJIUzI1NiIsInR5cCI6IkpXVCJ9.eyJ0b2tlbl90eXBlIjoicmVmcmVzaCIsImV4cCI6MTc1NDU4NzQzMCwiaWF0IjoxNzUxOTk1NDMwLCJqdGkiOiIzYzg4MjRlZTc5OTI0OTRkYTRkM2U0YWQyOGUxNjQ3YyIsInVzZXJfaWQiOjF9.FKV5ZP5fTfLQQTIQa94CipKppxAT4xUsGpHUhcIikuo	2025-07-08 17:23:50.164859+00	2025-08-07 17:23:50+00	1	3c8824ee7992494da4d3e4ad28e1647c
4	eyJhbGciOiJIUzI1NiIsInR5cCI6IkpXVCJ9.eyJ0b2tlbl90eXBlIjoicmVmcmVzaCIsImV4cCI6MTc1NDU4NzQzMSwiaWF0IjoxNzUxOTk1NDMxLCJqdGkiOiI2ZDc4Njc0NjA2OWU0ZDJkYWIwODMwM2RlNzNiYWFjMiIsInVzZXJfaWQiOjF9.L44QQrSvwmhofFse1_E4jlP_Cpjj673M7nF0LymiuxQ	2025-07-08 17:23:51.942343+00	2025-08-07 17:23:51+00	1	6d786746069e4d2dab08303de73baac2
5	eyJhbGciOiJIUzI1NiIsInR5cCI6IkpXVCJ9.eyJ0b2tlbl90eXBlIjoicmVmcmVzaCIsImV4cCI6MTc3MzIxNjYxMSwiaWF0IjoxNzcwNjI0NjExLCJqdGkiOiIxMzM2ZTRiNGU1NWE0ZTNhYTBhNGMwYzM2NWEyZTIxZiIsInVzZXJfaWQiOjF9.-NlDgoljQRul3yTiYbTvNl3nz7i63QAJc8mraz2qQv4	2026-02-09 08:10:11.522329+00	2026-03-11 08:10:11+00	1	1336e4b4e55a4e3aa0a4c0c365a2e21f
6	eyJhbGciOiJIUzI1NiIsInR5cCI6IkpXVCJ9.eyJ0b2tlbl90eXBlIjoicmVmcmVzaCIsImV4cCI6MTc3MzIxNjY4NCwiaWF0IjoxNzcwNjI0Njg0LCJqdGkiOiJkNDEyOWVjZjc1ZTc0ZGQwODRkNzU3ZjAzN2FhMzZkOCIsInVzZXJfaWQiOjF9.Vhv2arI6wiseCX71GDZbdmepPxs4jGa9Zh4AQfyzsFo	2026-02-09 08:11:24.713851+00	2026-03-11 08:11:24+00	1	d4129ecf75e74dd084d757f037aa36d8
7	eyJhbGciOiJIUzI1NiIsInR5cCI6IkpXVCJ9.eyJ0b2tlbl90eXBlIjoicmVmcmVzaCIsImV4cCI6MTc3MzIxNjgzOCwiaWF0IjoxNzcwNjI0ODM4LCJqdGkiOiI0ZjAzZGU0NTMxYzc0ZmE1OGE5MTIyZDRmZDhiNWEwMCIsInVzZXJfaWQiOjF9.NyJeEPRZlnwkaX9Eh-RmPVQTCsZ1cg7pzW-1EDLG0so	2026-02-09 08:13:58.419114+00	2026-03-11 08:13:58+00	1	4f03de4531c74fa58a9122d4fd8b5a00
8	eyJhbGciOiJIUzI1NiIsInR5cCI6IkpXVCJ9.eyJ0b2tlbl90eXBlIjoicmVmcmVzaCIsImV4cCI6MTc3MzIxNjkwNywiaWF0IjoxNzcwNjI0OTA3LCJqdGkiOiJhZDdmMGQ1NTZmZDE0MWY3ODAzMTBhNmFhZWRjZDZjMCIsInVzZXJfaWQiOjF9.vyvK0YDIlZlBZpkGY5wY8jJve-5-9KeeQBmIpI_0GYA	2026-02-09 08:15:07.895419+00	2026-03-11 08:15:07+00	1	ad7f0d556fd141f780310a6aaedcd6c0
9	eyJhbGciOiJIUzI1NiIsInR5cCI6IkpXVCJ9.eyJ0b2tlbl90eXBlIjoicmVmcmVzaCIsImV4cCI6MTc3MzIxODA2NSwiaWF0IjoxNzcwNjI2MDY1LCJqdGkiOiI0NGU2OWU3MWE3ZDY0ZWY2YTM2ZDE0MGFhNjM2MWZhMiIsInVzZXJfaWQiOjF9.zVrEM-q2O9BICYXoDQMlEBfUDgAfMxozdQEGS5R8Z8g	2026-02-09 08:34:25.455612+00	2026-03-11 08:34:25+00	1	44e69e71a7d64ef6a36d140aa6361fa2
10	eyJhbGciOiJIUzI1NiIsInR5cCI6IkpXVCJ9.eyJ0b2tlbl90eXBlIjoicmVmcmVzaCIsImV4cCI6MTc3MzIxODA2OCwiaWF0IjoxNzcwNjI2MDY4LCJqdGkiOiJjMTAxZjIzNTk3ZDc0YzZiOGI2MTQ1YzI2OGM5OTI1NSIsInVzZXJfaWQiOjF9.vD5OUoqxhiZgUMDY87fGEOX_If9s4anumkfyl3jAonk	2026-02-09 08:34:28.394556+00	2026-03-11 08:34:28+00	1	c101f23597d74c6b8b6145c268c99255
11	eyJhbGciOiJIUzI1NiIsInR5cCI6IkpXVCJ9.eyJ0b2tlbl90eXBlIjoicmVmcmVzaCIsImV4cCI6MTc3MzIxODA3NywiaWF0IjoxNzcwNjI2MDc3LCJqdGkiOiI5MDhlYjg5YmNiODc0ZmFkODE2ZTA3MjMyYTdlOWNkNiIsInVzZXJfaWQiOjF9.j2HS00JPhMkJBdP6OakYCT8aBacw-0iiu3oIyxtMMxE	2026-02-09 08:34:37.669824+00	2026-03-11 08:34:37+00	1	908eb89bcb874fad816e07232a7e9cd6
12	eyJhbGciOiJIUzI1NiIsInR5cCI6IkpXVCJ9.eyJ0b2tlbl90eXBlIjoicmVmcmVzaCIsImV4cCI6MTc3MzIyMjM2NiwiaWF0IjoxNzcwNjMwMzY2LCJqdGkiOiIyZjcyMDUxMDFhOGE0MjRjYjE3OGJjNDYyNjAwZTZlOSIsInVzZXJfaWQiOjF9.LwJUKCc0m_5a4OLmg92S2dxuJSQmG8Cg_ldlRJLeBRg	2026-02-09 09:46:06.53263+00	2026-03-11 09:46:06+00	1	2f7205101a8a424cb178bc462600e6e9
13	eyJhbGciOiJIUzI1NiIsInR5cCI6IkpXVCJ9.eyJ0b2tlbl90eXBlIjoicmVmcmVzaCIsImV4cCI6MTc3MzIyMjM3MSwiaWF0IjoxNzcwNjMwMzcxLCJqdGkiOiIzNzZjZDcwMDg1YmI0NzVkYTQ4ZDNmMjhiOGVmNDI2NSIsInVzZXJfaWQiOjF9.xTTWoTOBfG64VX7jtSUFgjMieTnA0casfsrphI1wYMI	2026-02-09 09:46:11.002547+00	2026-03-11 09:46:11+00	1	376cd70085bb475da48d3f28b8ef4265
14	eyJhbGciOiJIUzI1NiIsInR5cCI6IkpXVCJ9.eyJ0b2tlbl90eXBlIjoicmVmcmVzaCIsImV4cCI6MTc3MzIzMjU4NCwiaWF0IjoxNzcwNjQwNTg0LCJqdGkiOiJiOTA2MzJhODg5OGQ0MmE1YmIzODgwNmFhNDliYjk2OSIsInVzZXJfaWQiOjF9.RacUsXpsaRBq8ZCXhScVc9xZfaRnK8jIxcP9NMJhNb8	2026-02-09 12:36:24.972163+00	2026-03-11 12:36:24+00	1	b90632a8898d42a5bb38806aa49bb969
15	eyJhbGciOiJIUzI1NiIsInR5cCI6IkpXVCJ9.eyJ0b2tlbl90eXBlIjoicmVmcmVzaCIsImV4cCI6MTc3NDQ4NjM3MiwiaWF0IjoxNzcxODk0MzcyLCJqdGkiOiI0NWIwMDk5YThkZDQ0ZGZjOTU3MDZiYTUwMmQxNzNjNyIsInVzZXJfaWQiOjF9.XmHR4zVGzgzbVxz06gvCylDHhTKsk60Z79QeF8Y8Ap0	2026-02-24 00:52:52.019188+00	2026-03-26 00:52:52+00	1	45b0099a8dd44dfc95706ba502d173c7
16	eyJhbGciOiJIUzI1NiIsInR5cCI6IkpXVCJ9.eyJ0b2tlbl90eXBlIjoicmVmcmVzaCIsImV4cCI6MTc3NDUwMDEwMywiaWF0IjoxNzcxOTA4MTAzLCJqdGkiOiIyZWYxN2M5ZGMwYjA0MzI3YjFhNmMyN2ZhODMzNzJiOCIsInVzZXJfaWQiOjF9.NPdcIzVQcSMXCuQYCsKq3t7_ncOatiL97cKeI3Dg5mY	2026-02-24 04:41:43.082514+00	2026-03-26 04:41:43+00	1	2ef17c9dc0b04327b1a6c27fa83372b8
17	eyJhbGciOiJIUzI1NiIsInR5cCI6IkpXVCJ9.eyJ0b2tlbl90eXBlIjoicmVmcmVzaCIsImV4cCI6MTc3NDUwMDE1NywiaWF0IjoxNzcxOTA4MTU3LCJqdGkiOiI1ZTQ2YzkwNjZhOGE0MTIzODUzMWZiYjMxNGQ4NmJmOCIsInVzZXJfaWQiOjF9.leeTS6UZ9RUIhofmUqOpYb2zpOqDkt3gzec88XjxgWg	2026-02-24 04:42:37.087955+00	2026-03-26 04:42:37+00	1	5e46c9066a8a41238531fbb314d86bf8
18	eyJhbGciOiJIUzI1NiIsInR5cCI6IkpXVCJ9.eyJ0b2tlbl90eXBlIjoicmVmcmVzaCIsImV4cCI6MTc3NDUwMDUyMSwiaWF0IjoxNzcxOTA4NTIxLCJqdGkiOiJiYjFlYTkzOGQ3NTI0Y2M0Yjc2YTNjZDhlOTI4ZWFlYiIsInVzZXJfaWQiOjF9.V-pBRmPRXpu83P0VL0PmWP5FnOEGyf14TcF_MJYEbGg	2026-02-24 04:48:41.013857+00	2026-03-26 04:48:41+00	1	bb1ea938d7524cc4b76a3cd8e928eaeb
19	eyJhbGciOiJIUzI1NiIsInR5cCI6IkpXVCJ9.eyJ0b2tlbl90eXBlIjoicmVmcmVzaCIsImV4cCI6MTc3NDUwMTI2NywiaWF0IjoxNzcxOTA5MjY3LCJqdGkiOiI1NjU4YTc2Yzk2ODM0OTRkYWRkOGNiZTY2MGYzNTRkOCIsInVzZXJfaWQiOjF9.1dom6jjdLRMnCjuwKOGvP8mKRfECPLS9VaIYI1ECBSQ	2026-02-24 05:01:07.084033+00	2026-03-26 05:01:07+00	1	5658a76c9683494dadd8cbe660f354d8
20	eyJhbGciOiJIUzI1NiIsInR5cCI6IkpXVCJ9.eyJ0b2tlbl90eXBlIjoicmVmcmVzaCIsImV4cCI6MTc3NDUwMjc2OSwiaWF0IjoxNzcxOTEwNzY5LCJqdGkiOiIxOWE4MGZkNGQ3ZTk0YThkODE1YTYwOTVkOGY2NWQ0YiIsInVzZXJfaWQiOjF9.boGS6soQuAlfsWIweIQ_idLCdOa0cJuZ83stRoj1f2w	2026-02-24 05:26:09.870314+00	2026-03-26 05:26:09+00	1	19a80fd4d7e94a8d815a6095d8f65d4b
21	eyJhbGciOiJIUzI1NiIsInR5cCI6IkpXVCJ9.eyJ0b2tlbl90eXBlIjoicmVmcmVzaCIsImV4cCI6MTc3NDUwMjg2NSwiaWF0IjoxNzcxOTEwODY1LCJqdGkiOiI5MTEyOTkxMzhmYmI0MDRkOWE2NDFlYWRkNDk2OWYwMyIsInVzZXJfaWQiOjF9.RbaQRsPlhkn-OeeyiMJZibOADT0H3FufEdKJCWbnNgk	2026-02-24 05:27:45.508516+00	2026-03-26 05:27:45+00	1	911299138fbb404d9a641eadd4969f03
22	eyJhbGciOiJIUzI1NiIsInR5cCI6IkpXVCJ9.eyJ0b2tlbl90eXBlIjoicmVmcmVzaCIsImV4cCI6MTc3NDUwMjg3MiwiaWF0IjoxNzcxOTEwODcyLCJqdGkiOiJlOWFhYjRhM2IzYjI0ODRjYWUzZjVmMzNjOTVjZTI0MyIsInVzZXJfaWQiOjF9.RQqR2-YMEIa6nTbv22RffmZ1dw7hSBG2Ubx-TzIYA2I	2026-02-24 05:27:52.091768+00	2026-03-26 05:27:52+00	1	e9aab4a3b3b2484cae3f5f33c95ce243
23	eyJhbGciOiJIUzI1NiIsInR5cCI6IkpXVCJ9.eyJ0b2tlbl90eXBlIjoicmVmcmVzaCIsImV4cCI6MTc3NDUwMjg4MCwiaWF0IjoxNzcxOTEwODgwLCJqdGkiOiI0YTRiN2NlNjdjOTg0ZTgzODg1OWNmZDQyYWVmZmYyNyIsInVzZXJfaWQiOjF9.mcFU_vjFqnDUxdLxl200ktJz7nhJor7pVZXIbFubDIw	2026-02-24 05:28:00.59296+00	2026-03-26 05:28:00+00	1	4a4b7ce67c984e838859cfd42aefff27
24	eyJhbGciOiJIUzI1NiIsInR5cCI6IkpXVCJ9.eyJ0b2tlbl90eXBlIjoicmVmcmVzaCIsImV4cCI6MTc3NDUwMzA0NSwiaWF0IjoxNzcxOTExMDQ1LCJqdGkiOiIyODYzYmNmYmY0YTc0Y2M0YWExN2FlNmFmODcyZmY0NiIsInVzZXJfaWQiOjF9.MBEGCpXUW9YDP93KkDa3-nkmlOIU-C7uI-D20VqW0NI	2026-02-24 05:30:45.860096+00	2026-03-26 05:30:45+00	1	2863bcfbf4a74cc4aa17ae6af872ff46
25	eyJhbGciOiJIUzI1NiIsInR5cCI6IkpXVCJ9.eyJ0b2tlbl90eXBlIjoicmVmcmVzaCIsImV4cCI6MTc3NDUwMzYyNiwiaWF0IjoxNzcxOTExNjI2LCJqdGkiOiI3MTlhZjllZDU4NmY0ZDkyOGZiYjM5ZjBhNWU4ZTM0YSIsInVzZXJfaWQiOjF9.aLq_EUqilbS03HfXhqqURp0w0CGO91QFYLHWuhJ2Bz8	2026-02-24 05:40:26.275059+00	2026-03-26 05:40:26+00	1	719af9ed586f4d928fbb39f0a5e8e34a
26	eyJhbGciOiJIUzI1NiIsInR5cCI6IkpXVCJ9.eyJ0b2tlbl90eXBlIjoicmVmcmVzaCIsImV4cCI6MTc3NDUwMzc3NiwiaWF0IjoxNzcxOTExNzc2LCJqdGkiOiJjYzU3NDVlYTZhOGQ0ZjNmYTZlNjExMjA3NjFjODFjYSIsInVzZXJfaWQiOjF9.xKQJsar9qyZWaXNIfT1IqNNaGG2-f9YBWZNJDLtxYjE	2026-02-24 05:42:56.891173+00	2026-03-26 05:42:56+00	1	cc5745ea6a8d4f3fa6e61120761c81ca
27	eyJhbGciOiJIUzI1NiIsInR5cCI6IkpXVCJ9.eyJ0b2tlbl90eXBlIjoicmVmcmVzaCIsImV4cCI6MTc3NDUwMzg3NSwiaWF0IjoxNzcxOTExODc1LCJqdGkiOiI5MmJhYWU2Yzc5MjA0MWEwYTcxNjQxNDhhZjNkZWUyNCIsInVzZXJfaWQiOjF9.GMmZBcihHT3pDSR-267RFiTgIogJDurGcfrFgttwWnY	2026-02-24 05:44:35.61765+00	2026-03-26 05:44:35+00	1	92baae6c792041a0a7164148af3dee24
28	eyJhbGciOiJIUzI1NiIsInR5cCI6IkpXVCJ9.eyJ0b2tlbl90eXBlIjoicmVmcmVzaCIsImV4cCI6MTc3NDUwMzg5NSwiaWF0IjoxNzcxOTExODk1LCJqdGkiOiJjZTY4ODMwOTJmNzg0Yjg1OWI5ZGE2NjBkODgzMWY4YyIsInVzZXJfaWQiOjF9.qGItj5UXruXYAR0yn0JxVLoQq4s2T7dNCBYfomSsCjU	2026-02-24 05:44:55.62976+00	2026-03-26 05:44:55+00	1	ce6883092f784b859b9da660d8831f8c
29	eyJhbGciOiJIUzI1NiIsInR5cCI6IkpXVCJ9.eyJ0b2tlbl90eXBlIjoicmVmcmVzaCIsImV4cCI6MTc3NDUwNDUxMywiaWF0IjoxNzcxOTEyNTEzLCJqdGkiOiI2OWNjZTYxNWUwYWU0NGQ2YTY5M2E5MTM1Nzg0ZjJjZiIsInVzZXJfaWQiOjF9.Cy4QUCEnJZBG4G3lWX_bqQ3NiJTtUBEXikzUa4wHg1U	2026-02-24 05:55:13.073005+00	2026-03-26 05:55:13+00	1	69cce615e0ae44d6a693a9135784f2cf
\.


--
-- TOC entry 3617 (class 0 OID 0)
-- Dependencies: 229
-- Name: accounts_user_groups_id_seq; Type: SEQUENCE SET; Schema: public; Owner: nre
--

SELECT pg_catalog.setval('public.accounts_user_groups_id_seq', 1, false);


--
-- TOC entry 3618 (class 0 OID 0)
-- Dependencies: 227
-- Name: accounts_user_id_seq; Type: SEQUENCE SET; Schema: public; Owner: nre
--

SELECT pg_catalog.setval('public.accounts_user_id_seq', 1, true);


--
-- TOC entry 3619 (class 0 OID 0)
-- Dependencies: 231
-- Name: accounts_user_user_permissions_id_seq; Type: SEQUENCE SET; Schema: public; Owner: nre
--

SELECT pg_catalog.setval('public.accounts_user_user_permissions_id_seq', 1, false);


--
-- TOC entry 3620 (class 0 OID 0)
-- Dependencies: 223
-- Name: auth_group_id_seq; Type: SEQUENCE SET; Schema: public; Owner: nre
--

SELECT pg_catalog.setval('public.auth_group_id_seq', 1, false);


--
-- TOC entry 3621 (class 0 OID 0)
-- Dependencies: 225
-- Name: auth_group_permissions_id_seq; Type: SEQUENCE SET; Schema: public; Owner: nre
--

SELECT pg_catalog.setval('public.auth_group_permissions_id_seq', 1, false);


--
-- TOC entry 3622 (class 0 OID 0)
-- Dependencies: 221
-- Name: auth_permission_id_seq; Type: SEQUENCE SET; Schema: public; Owner: nre
--

SELECT pg_catalog.setval('public.auth_permission_id_seq', 68, true);


--
-- TOC entry 3623 (class 0 OID 0)
-- Dependencies: 249
-- Name: db_chamber_id_seq; Type: SEQUENCE SET; Schema: public; Owner: nre
--

SELECT pg_catalog.setval('public.db_chamber_id_seq', 2, true);


--
-- TOC entry 3624 (class 0 OID 0)
-- Dependencies: 251
-- Name: db_projecthistory_id_seq; Type: SEQUENCE SET; Schema: public; Owner: nre
--

SELECT pg_catalog.setval('public.db_projecthistory_id_seq', 12, true);


--
-- TOC entry 3625 (class 0 OID 0)
-- Dependencies: 233
-- Name: django_admin_log_id_seq; Type: SEQUENCE SET; Schema: public; Owner: nre
--

SELECT pg_catalog.setval('public.django_admin_log_id_seq', 3, true);


--
-- TOC entry 3626 (class 0 OID 0)
-- Dependencies: 219
-- Name: django_content_type_id_seq; Type: SEQUENCE SET; Schema: public; Owner: nre
--

SELECT pg_catalog.setval('public.django_content_type_id_seq', 17, true);


--
-- TOC entry 3627 (class 0 OID 0)
-- Dependencies: 217
-- Name: django_migrations_id_seq; Type: SEQUENCE SET; Schema: public; Owner: nre
--

SELECT pg_catalog.setval('public.django_migrations_id_seq', 95, true);


--
-- TOC entry 3628 (class 0 OID 0)
-- Dependencies: 235
-- Name: nre_customer_id_seq; Type: SEQUENCE SET; Schema: public; Owner: nre
--

SELECT pg_catalog.setval('public.nre_customer_id_seq', 2, true);


--
-- TOC entry 3629 (class 0 OID 0)
-- Dependencies: 247
-- Name: nre_fee_id_seq; Type: SEQUENCE SET; Schema: public; Owner: nre
--

SELECT pg_catalog.setval('public.nre_fee_id_seq', 26, true);


--
-- TOC entry 3630 (class 0 OID 0)
-- Dependencies: 237
-- Name: nre_function_id_seq; Type: SEQUENCE SET; Schema: public; Owner: nre
--

SELECT pg_catalog.setval('public.nre_function_id_seq', 3, true);


--
-- TOC entry 3631 (class 0 OID 0)
-- Dependencies: 239
-- Name: nre_item_id_seq; Type: SEQUENCE SET; Schema: public; Owner: nre
--

SELECT pg_catalog.setval('public.nre_item_id_seq', 32, true);


--
-- TOC entry 3632 (class 0 OID 0)
-- Dependencies: 241
-- Name: nre_project_id_seq; Type: SEQUENCE SET; Schema: public; Owner: nre
--

SELECT pg_catalog.setval('public.nre_project_id_seq', 2, true);


--
-- TOC entry 3633 (class 0 OID 0)
-- Dependencies: 245
-- Name: nre_record_id_seq; Type: SEQUENCE SET; Schema: public; Owner: nre
--

SELECT pg_catalog.setval('public.nre_record_id_seq', 225, true);


--
-- TOC entry 3634 (class 0 OID 0)
-- Dependencies: 243
-- Name: nre_test_item_id_seq; Type: SEQUENCE SET; Schema: public; Owner: nre
--

SELECT pg_catalog.setval('public.nre_test_item_id_seq', 25, true);


--
-- TOC entry 3635 (class 0 OID 0)
-- Dependencies: 254
-- Name: token_blacklist_blacklistedtoken_id_seq; Type: SEQUENCE SET; Schema: public; Owner: nre
--

SELECT pg_catalog.setval('public.token_blacklist_blacklistedtoken_id_seq', 1, false);


--
-- TOC entry 3636 (class 0 OID 0)
-- Dependencies: 256
-- Name: token_blacklist_outstandingtoken_id_seq; Type: SEQUENCE SET; Schema: public; Owner: nre
--

SELECT pg_catalog.setval('public.token_blacklist_outstandingtoken_id_seq', 29, true);


--
-- TOC entry 3334 (class 2606 OID 24649)
-- Name: accounts_user accounts_user_email_key; Type: CONSTRAINT; Schema: public; Owner: nre
--

ALTER TABLE ONLY public.accounts_user
    ADD CONSTRAINT accounts_user_email_key UNIQUE (email);


--
-- TOC entry 3339 (class 2606 OID 24655)
-- Name: accounts_user_groups accounts_user_groups_pkey; Type: CONSTRAINT; Schema: public; Owner: nre
--

ALTER TABLE ONLY public.accounts_user_groups
    ADD CONSTRAINT accounts_user_groups_pkey PRIMARY KEY (id);


--
-- TOC entry 3342 (class 2606 OID 24664)
-- Name: accounts_user_groups accounts_user_groups_user_id_group_id_59c0b32f_uniq; Type: CONSTRAINT; Schema: public; Owner: nre
--

ALTER TABLE ONLY public.accounts_user_groups
    ADD CONSTRAINT accounts_user_groups_user_id_group_id_59c0b32f_uniq UNIQUE (user_id, group_id);


--
-- TOC entry 3336 (class 2606 OID 24647)
-- Name: accounts_user accounts_user_pkey; Type: CONSTRAINT; Schema: public; Owner: nre
--

ALTER TABLE ONLY public.accounts_user
    ADD CONSTRAINT accounts_user_pkey PRIMARY KEY (id);


--
-- TOC entry 3344 (class 2606 OID 24678)
-- Name: accounts_user_user_permissions accounts_user_user_permi_user_id_permission_id_2ab516c2_uniq; Type: CONSTRAINT; Schema: public; Owner: nre
--

ALTER TABLE ONLY public.accounts_user_user_permissions
    ADD CONSTRAINT accounts_user_user_permi_user_id_permission_id_2ab516c2_uniq UNIQUE (user_id, permission_id);


--
-- TOC entry 3347 (class 2606 OID 24661)
-- Name: accounts_user_user_permissions accounts_user_user_permissions_pkey; Type: CONSTRAINT; Schema: public; Owner: nre
--

ALTER TABLE ONLY public.accounts_user_user_permissions
    ADD CONSTRAINT accounts_user_user_permissions_pkey PRIMARY KEY (id);


--
-- TOC entry 3323 (class 2606 OID 24638)
-- Name: auth_group auth_group_name_key; Type: CONSTRAINT; Schema: public; Owner: nre
--

ALTER TABLE ONLY public.auth_group
    ADD CONSTRAINT auth_group_name_key UNIQUE (name);


--
-- TOC entry 3328 (class 2606 OID 24624)
-- Name: auth_group_permissions auth_group_permissions_group_id_permission_id_0cd325b0_uniq; Type: CONSTRAINT; Schema: public; Owner: nre
--

ALTER TABLE ONLY public.auth_group_permissions
    ADD CONSTRAINT auth_group_permissions_group_id_permission_id_0cd325b0_uniq UNIQUE (group_id, permission_id);


--
-- TOC entry 3331 (class 2606 OID 24613)
-- Name: auth_group_permissions auth_group_permissions_pkey; Type: CONSTRAINT; Schema: public; Owner: nre
--

ALTER TABLE ONLY public.auth_group_permissions
    ADD CONSTRAINT auth_group_permissions_pkey PRIMARY KEY (id);


--
-- TOC entry 3325 (class 2606 OID 24605)
-- Name: auth_group auth_group_pkey; Type: CONSTRAINT; Schema: public; Owner: nre
--

ALTER TABLE ONLY public.auth_group
    ADD CONSTRAINT auth_group_pkey PRIMARY KEY (id);


--
-- TOC entry 3318 (class 2606 OID 24615)
-- Name: auth_permission auth_permission_content_type_id_codename_01ab375a_uniq; Type: CONSTRAINT; Schema: public; Owner: nre
--

ALTER TABLE ONLY public.auth_permission
    ADD CONSTRAINT auth_permission_content_type_id_codename_01ab375a_uniq UNIQUE (content_type_id, codename);


--
-- TOC entry 3320 (class 2606 OID 24599)
-- Name: auth_permission auth_permission_pkey; Type: CONSTRAINT; Schema: public; Owner: nre
--

ALTER TABLE ONLY public.auth_permission
    ADD CONSTRAINT auth_permission_pkey PRIMARY KEY (id);


--
-- TOC entry 3386 (class 2606 OID 24838)
-- Name: db_chamber db_chamber_pkey; Type: CONSTRAINT; Schema: public; Owner: nre
--

ALTER TABLE ONLY public.db_chamber
    ADD CONSTRAINT db_chamber_pkey PRIMARY KEY (id);


--
-- TOC entry 3388 (class 2606 OID 25346)
-- Name: nre_project_history db_projecthistory_pkey; Type: CONSTRAINT; Schema: public; Owner: nre
--

ALTER TABLE ONLY public.nre_project_history
    ADD CONSTRAINT db_projecthistory_pkey PRIMARY KEY (id);


--
-- TOC entry 3351 (class 2606 OID 24699)
-- Name: django_admin_log django_admin_log_pkey; Type: CONSTRAINT; Schema: public; Owner: nre
--

ALTER TABLE ONLY public.django_admin_log
    ADD CONSTRAINT django_admin_log_pkey PRIMARY KEY (id);


--
-- TOC entry 3313 (class 2606 OID 24593)
-- Name: django_content_type django_content_type_app_label_model_76bd3d3b_uniq; Type: CONSTRAINT; Schema: public; Owner: nre
--

ALTER TABLE ONLY public.django_content_type
    ADD CONSTRAINT django_content_type_app_label_model_76bd3d3b_uniq UNIQUE (app_label, model);


--
-- TOC entry 3315 (class 2606 OID 24591)
-- Name: django_content_type django_content_type_pkey; Type: CONSTRAINT; Schema: public; Owner: nre
--

ALTER TABLE ONLY public.django_content_type
    ADD CONSTRAINT django_content_type_pkey PRIMARY KEY (id);


--
-- TOC entry 3311 (class 2606 OID 24585)
-- Name: django_migrations django_migrations_pkey; Type: CONSTRAINT; Schema: public; Owner: nre
--

ALTER TABLE ONLY public.django_migrations
    ADD CONSTRAINT django_migrations_pkey PRIMARY KEY (id);


--
-- TOC entry 3393 (class 2606 OID 25421)
-- Name: django_session django_session_pkey; Type: CONSTRAINT; Schema: public; Owner: nre
--

ALTER TABLE ONLY public.django_session
    ADD CONSTRAINT django_session_pkey PRIMARY KEY (session_key);


--
-- TOC entry 3355 (class 2606 OID 24828)
-- Name: nre_customer nre_customer_name_ef103699_uniq; Type: CONSTRAINT; Schema: public; Owner: nre
--

ALTER TABLE ONLY public.nre_customer
    ADD CONSTRAINT nre_customer_name_ef103699_uniq UNIQUE (name);


--
-- TOC entry 3357 (class 2606 OID 24717)
-- Name: nre_customer nre_customer_pkey; Type: CONSTRAINT; Schema: public; Owner: nre
--

ALTER TABLE ONLY public.nre_customer
    ADD CONSTRAINT nre_customer_pkey PRIMARY KEY (id);


--
-- TOC entry 3383 (class 2606 OID 24753)
-- Name: nre_fee nre_fee_pkey; Type: CONSTRAINT; Schema: public; Owner: nre
--

ALTER TABLE ONLY public.nre_fee
    ADD CONSTRAINT nre_fee_pkey PRIMARY KEY (id);


--
-- TOC entry 3360 (class 2606 OID 24723)
-- Name: nre_function nre_function_pkey; Type: CONSTRAINT; Schema: public; Owner: nre
--

ALTER TABLE ONLY public.nre_function
    ADD CONSTRAINT nre_function_pkey PRIMARY KEY (id);


--
-- TOC entry 3363 (class 2606 OID 25390)
-- Name: nre_item nre_item_no_3777aa9b_uniq; Type: CONSTRAINT; Schema: public; Owner: nre
--

ALTER TABLE ONLY public.nre_item
    ADD CONSTRAINT nre_item_no_3777aa9b_uniq UNIQUE (no);


--
-- TOC entry 3365 (class 2606 OID 24729)
-- Name: nre_item nre_item_pkey; Type: CONSTRAINT; Schema: public; Owner: nre
--

ALTER TABLE ONLY public.nre_item
    ADD CONSTRAINT nre_item_pkey PRIMARY KEY (id);


--
-- TOC entry 3368 (class 2606 OID 25388)
-- Name: nre_project nre_project_customer_id_name_version_521f459e_uniq; Type: CONSTRAINT; Schema: public; Owner: nre
--

ALTER TABLE ONLY public.nre_project
    ADD CONSTRAINT nre_project_customer_id_name_version_521f459e_uniq UNIQUE (customer_id, name, version);


--
-- TOC entry 3370 (class 2606 OID 24735)
-- Name: nre_project nre_project_pkey; Type: CONSTRAINT; Schema: public; Owner: nre
--

ALTER TABLE ONLY public.nre_project
    ADD CONSTRAINT nre_project_pkey PRIMARY KEY (id);


--
-- TOC entry 3379 (class 2606 OID 24747)
-- Name: nre_record nre_record_pkey; Type: CONSTRAINT; Schema: public; Owner: nre
--

ALTER TABLE ONLY public.nre_record
    ADD CONSTRAINT nre_record_pkey PRIMARY KEY (id);


--
-- TOC entry 3374 (class 2606 OID 25338)
-- Name: nre_test_item nre_test_item_function_id_item_id_lab_location_9c450907_uniq; Type: CONSTRAINT; Schema: public; Owner: nre
--

ALTER TABLE ONLY public.nre_test_item
    ADD CONSTRAINT nre_test_item_function_id_item_id_lab_location_9c450907_uniq UNIQUE (function_id, item_id, lab_location);


--
-- TOC entry 3377 (class 2606 OID 24741)
-- Name: nre_test_item nre_test_item_pkey; Type: CONSTRAINT; Schema: public; Owner: nre
--

ALTER TABLE ONLY public.nre_test_item
    ADD CONSTRAINT nre_test_item_pkey PRIMARY KEY (id);


--
-- TOC entry 3396 (class 2606 OID 25464)
-- Name: token_blacklist_blacklistedtoken token_blacklist_blacklistedtoken_pkey; Type: CONSTRAINT; Schema: public; Owner: nre
--

ALTER TABLE ONLY public.token_blacklist_blacklistedtoken
    ADD CONSTRAINT token_blacklist_blacklistedtoken_pkey PRIMARY KEY (id);


--
-- TOC entry 3398 (class 2606 OID 25485)
-- Name: token_blacklist_blacklistedtoken token_blacklist_blacklistedtoken_token_id_key; Type: CONSTRAINT; Schema: public; Owner: nre
--

ALTER TABLE ONLY public.token_blacklist_blacklistedtoken
    ADD CONSTRAINT token_blacklist_blacklistedtoken_token_id_key UNIQUE (token_id);


--
-- TOC entry 3401 (class 2606 OID 25455)
-- Name: token_blacklist_outstandingtoken token_blacklist_outstandingtoken_jti_hex_d9bdf6f7_uniq; Type: CONSTRAINT; Schema: public; Owner: nre
--

ALTER TABLE ONLY public.token_blacklist_outstandingtoken
    ADD CONSTRAINT token_blacklist_outstandingtoken_jti_hex_d9bdf6f7_uniq UNIQUE (jti);


--
-- TOC entry 3403 (class 2606 OID 25473)
-- Name: token_blacklist_outstandingtoken token_blacklist_outstandingtoken_pkey; Type: CONSTRAINT; Schema: public; Owner: nre
--

ALTER TABLE ONLY public.token_blacklist_outstandingtoken
    ADD CONSTRAINT token_blacklist_outstandingtoken_pkey PRIMARY KEY (id);


--
-- TOC entry 3332 (class 1259 OID 24662)
-- Name: accounts_user_email_b2644a56_like; Type: INDEX; Schema: public; Owner: nre
--

CREATE INDEX accounts_user_email_b2644a56_like ON public.accounts_user USING btree (email varchar_pattern_ops);


--
-- TOC entry 3337 (class 1259 OID 24676)
-- Name: accounts_user_groups_group_id_bd11a704; Type: INDEX; Schema: public; Owner: nre
--

CREATE INDEX accounts_user_groups_group_id_bd11a704 ON public.accounts_user_groups USING btree (group_id);


--
-- TOC entry 3340 (class 1259 OID 24675)
-- Name: accounts_user_groups_user_id_52b62117; Type: INDEX; Schema: public; Owner: nre
--

CREATE INDEX accounts_user_groups_user_id_52b62117 ON public.accounts_user_groups USING btree (user_id);


--
-- TOC entry 3345 (class 1259 OID 24690)
-- Name: accounts_user_user_permissions_permission_id_113bb443; Type: INDEX; Schema: public; Owner: nre
--

CREATE INDEX accounts_user_user_permissions_permission_id_113bb443 ON public.accounts_user_user_permissions USING btree (permission_id);


--
-- TOC entry 3348 (class 1259 OID 24689)
-- Name: accounts_user_user_permissions_user_id_e4f0a161; Type: INDEX; Schema: public; Owner: nre
--

CREATE INDEX accounts_user_user_permissions_user_id_e4f0a161 ON public.accounts_user_user_permissions USING btree (user_id);


--
-- TOC entry 3321 (class 1259 OID 24639)
-- Name: auth_group_name_a6ea08ec_like; Type: INDEX; Schema: public; Owner: nre
--

CREATE INDEX auth_group_name_a6ea08ec_like ON public.auth_group USING btree (name varchar_pattern_ops);


--
-- TOC entry 3326 (class 1259 OID 24635)
-- Name: auth_group_permissions_group_id_b120cbf9; Type: INDEX; Schema: public; Owner: nre
--

CREATE INDEX auth_group_permissions_group_id_b120cbf9 ON public.auth_group_permissions USING btree (group_id);


--
-- TOC entry 3329 (class 1259 OID 24636)
-- Name: auth_group_permissions_permission_id_84c5c92e; Type: INDEX; Schema: public; Owner: nre
--

CREATE INDEX auth_group_permissions_permission_id_84c5c92e ON public.auth_group_permissions USING btree (permission_id);


--
-- TOC entry 3316 (class 1259 OID 24621)
-- Name: auth_permission_content_type_id_2f476e4b; Type: INDEX; Schema: public; Owner: nre
--

CREATE INDEX auth_permission_content_type_id_2f476e4b ON public.auth_permission USING btree (content_type_id);


--
-- TOC entry 3389 (class 1259 OID 25358)
-- Name: db_projecthistory_user_id_df26041f; Type: INDEX; Schema: public; Owner: nre
--

CREATE INDEX db_projecthistory_user_id_df26041f ON public.nre_project_history USING btree (user_id);


--
-- TOC entry 3349 (class 1259 OID 24710)
-- Name: django_admin_log_content_type_id_c4bce8eb; Type: INDEX; Schema: public; Owner: nre
--

CREATE INDEX django_admin_log_content_type_id_c4bce8eb ON public.django_admin_log USING btree (content_type_id);


--
-- TOC entry 3352 (class 1259 OID 24711)
-- Name: django_admin_log_user_id_c564eba6; Type: INDEX; Schema: public; Owner: nre
--

CREATE INDEX django_admin_log_user_id_c564eba6 ON public.django_admin_log USING btree (user_id);


--
-- TOC entry 3391 (class 1259 OID 25423)
-- Name: django_session_expire_date_a5c62663; Type: INDEX; Schema: public; Owner: nre
--

CREATE INDEX django_session_expire_date_a5c62663 ON public.django_session USING btree (expire_date);


--
-- TOC entry 3394 (class 1259 OID 25422)
-- Name: django_session_session_key_c0390e0f_like; Type: INDEX; Schema: public; Owner: nre
--

CREATE INDEX django_session_session_key_c0390e0f_like ON public.django_session USING btree (session_key varchar_pattern_ops);


--
-- TOC entry 3353 (class 1259 OID 24829)
-- Name: nre_customer_name_ef103699_like; Type: INDEX; Schema: public; Owner: nre
--

CREATE INDEX nre_customer_name_ef103699_like ON public.nre_customer USING btree (name varchar_pattern_ops);


--
-- TOC entry 3384 (class 1259 OID 24783)
-- Name: nre_fee_test_item_id_35f99f93; Type: INDEX; Schema: public; Owner: nre
--

CREATE INDEX nre_fee_test_item_id_35f99f93 ON public.nre_fee USING btree (test_item_id);


--
-- TOC entry 3358 (class 1259 OID 24759)
-- Name: nre_function_customer_id_1ea0badf; Type: INDEX; Schema: public; Owner: nre
--

CREATE INDEX nre_function_customer_id_1ea0badf ON public.nre_function USING btree (customer_id);


--
-- TOC entry 3361 (class 1259 OID 25391)
-- Name: nre_item_no_3777aa9b_like; Type: INDEX; Schema: public; Owner: nre
--

CREATE INDEX nre_item_no_3777aa9b_like ON public.nre_item USING btree (no varchar_pattern_ops);


--
-- TOC entry 3366 (class 1259 OID 24802)
-- Name: nre_project_customer_id_8fd87428; Type: INDEX; Schema: public; Owner: nre
--

CREATE INDEX nre_project_customer_id_8fd87428 ON public.nre_project USING btree (customer_id);


--
-- TOC entry 3390 (class 1259 OID 25376)
-- Name: nre_project_history_project_id_eeca7a89; Type: INDEX; Schema: public; Owner: nre
--

CREATE INDEX nre_project_history_project_id_eeca7a89 ON public.nre_project_history USING btree (project_id);


--
-- TOC entry 3371 (class 1259 OID 25409)
-- Name: nre_project_updated_by_id_e089c1ac; Type: INDEX; Schema: public; Owner: nre
--

CREATE INDEX nre_project_updated_by_id_e089c1ac ON public.nre_project USING btree (user_id);


--
-- TOC entry 3380 (class 1259 OID 24776)
-- Name: nre_record_project_id_281e02d5; Type: INDEX; Schema: public; Owner: nre
--

CREATE INDEX nre_record_project_id_281e02d5 ON public.nre_record USING btree (project_id);


--
-- TOC entry 3381 (class 1259 OID 24777)
-- Name: nre_record_test_item_id_a4d767a1; Type: INDEX; Schema: public; Owner: nre
--

CREATE INDEX nre_record_test_item_id_a4d767a1 ON public.nre_record USING btree (test_item_id);


--
-- TOC entry 3372 (class 1259 OID 24765)
-- Name: nre_test_item_function_id_9cd56ff3; Type: INDEX; Schema: public; Owner: nre
--

CREATE INDEX nre_test_item_function_id_9cd56ff3 ON public.nre_test_item USING btree (function_id);


--
-- TOC entry 3375 (class 1259 OID 24803)
-- Name: nre_test_item_item_id_3ad8dc54; Type: INDEX; Schema: public; Owner: nre
--

CREATE INDEX nre_test_item_item_id_3ad8dc54 ON public.nre_test_item USING btree (item_id);


--
-- TOC entry 3399 (class 1259 OID 25456)
-- Name: token_blacklist_outstandingtoken_jti_hex_d9bdf6f7_like; Type: INDEX; Schema: public; Owner: nre
--

CREATE INDEX token_blacklist_outstandingtoken_jti_hex_d9bdf6f7_like ON public.token_blacklist_outstandingtoken USING btree (jti varchar_pattern_ops);


--
-- TOC entry 3404 (class 1259 OID 25453)
-- Name: token_blacklist_outstandingtoken_user_id_83bc629a; Type: INDEX; Schema: public; Owner: nre
--

CREATE INDEX token_blacklist_outstandingtoken_user_id_83bc629a ON public.token_blacklist_outstandingtoken USING btree (user_id);


--
-- TOC entry 3408 (class 2606 OID 24670)
-- Name: accounts_user_groups accounts_user_groups_group_id_bd11a704_fk_auth_group_id; Type: FK CONSTRAINT; Schema: public; Owner: nre
--

ALTER TABLE ONLY public.accounts_user_groups
    ADD CONSTRAINT accounts_user_groups_group_id_bd11a704_fk_auth_group_id FOREIGN KEY (group_id) REFERENCES public.auth_group(id) DEFERRABLE INITIALLY DEFERRED;


--
-- TOC entry 3409 (class 2606 OID 24665)
-- Name: accounts_user_groups accounts_user_groups_user_id_52b62117_fk_accounts_user_id; Type: FK CONSTRAINT; Schema: public; Owner: nre
--

ALTER TABLE ONLY public.accounts_user_groups
    ADD CONSTRAINT accounts_user_groups_user_id_52b62117_fk_accounts_user_id FOREIGN KEY (user_id) REFERENCES public.accounts_user(id) DEFERRABLE INITIALLY DEFERRED;


--
-- TOC entry 3410 (class 2606 OID 24684)
-- Name: accounts_user_user_permissions accounts_user_user_p_permission_id_113bb443_fk_auth_perm; Type: FK CONSTRAINT; Schema: public; Owner: nre
--

ALTER TABLE ONLY public.accounts_user_user_permissions
    ADD CONSTRAINT accounts_user_user_p_permission_id_113bb443_fk_auth_perm FOREIGN KEY (permission_id) REFERENCES public.auth_permission(id) DEFERRABLE INITIALLY DEFERRED;


--
-- TOC entry 3411 (class 2606 OID 24679)
-- Name: accounts_user_user_permissions accounts_user_user_p_user_id_e4f0a161_fk_accounts_; Type: FK CONSTRAINT; Schema: public; Owner: nre
--

ALTER TABLE ONLY public.accounts_user_user_permissions
    ADD CONSTRAINT accounts_user_user_p_user_id_e4f0a161_fk_accounts_ FOREIGN KEY (user_id) REFERENCES public.accounts_user(id) DEFERRABLE INITIALLY DEFERRED;


--
-- TOC entry 3406 (class 2606 OID 24630)
-- Name: auth_group_permissions auth_group_permissio_permission_id_84c5c92e_fk_auth_perm; Type: FK CONSTRAINT; Schema: public; Owner: nre
--

ALTER TABLE ONLY public.auth_group_permissions
    ADD CONSTRAINT auth_group_permissio_permission_id_84c5c92e_fk_auth_perm FOREIGN KEY (permission_id) REFERENCES public.auth_permission(id) DEFERRABLE INITIALLY DEFERRED;


--
-- TOC entry 3407 (class 2606 OID 24625)
-- Name: auth_group_permissions auth_group_permissions_group_id_b120cbf9_fk_auth_group_id; Type: FK CONSTRAINT; Schema: public; Owner: nre
--

ALTER TABLE ONLY public.auth_group_permissions
    ADD CONSTRAINT auth_group_permissions_group_id_b120cbf9_fk_auth_group_id FOREIGN KEY (group_id) REFERENCES public.auth_group(id) DEFERRABLE INITIALLY DEFERRED;


--
-- TOC entry 3405 (class 2606 OID 24616)
-- Name: auth_permission auth_permission_content_type_id_2f476e4b_fk_django_co; Type: FK CONSTRAINT; Schema: public; Owner: nre
--

ALTER TABLE ONLY public.auth_permission
    ADD CONSTRAINT auth_permission_content_type_id_2f476e4b_fk_django_co FOREIGN KEY (content_type_id) REFERENCES public.django_content_type(id) DEFERRABLE INITIALLY DEFERRED;


--
-- TOC entry 3422 (class 2606 OID 25352)
-- Name: nre_project_history db_projecthistory_user_id_df26041f_fk_accounts_user_id; Type: FK CONSTRAINT; Schema: public; Owner: nre
--

ALTER TABLE ONLY public.nre_project_history
    ADD CONSTRAINT db_projecthistory_user_id_df26041f_fk_accounts_user_id FOREIGN KEY (user_id) REFERENCES public.accounts_user(id) DEFERRABLE INITIALLY DEFERRED;


--
-- TOC entry 3412 (class 2606 OID 24700)
-- Name: django_admin_log django_admin_log_content_type_id_c4bce8eb_fk_django_co; Type: FK CONSTRAINT; Schema: public; Owner: nre
--

ALTER TABLE ONLY public.django_admin_log
    ADD CONSTRAINT django_admin_log_content_type_id_c4bce8eb_fk_django_co FOREIGN KEY (content_type_id) REFERENCES public.django_content_type(id) DEFERRABLE INITIALLY DEFERRED;


--
-- TOC entry 3413 (class 2606 OID 24705)
-- Name: django_admin_log django_admin_log_user_id_c564eba6_fk_accounts_user_id; Type: FK CONSTRAINT; Schema: public; Owner: nre
--

ALTER TABLE ONLY public.django_admin_log
    ADD CONSTRAINT django_admin_log_user_id_c564eba6_fk_accounts_user_id FOREIGN KEY (user_id) REFERENCES public.accounts_user(id) DEFERRABLE INITIALLY DEFERRED;


--
-- TOC entry 3421 (class 2606 OID 24778)
-- Name: nre_fee nre_fee_test_item_id_35f99f93_fk_nre_test_item_id; Type: FK CONSTRAINT; Schema: public; Owner: nre
--

ALTER TABLE ONLY public.nre_fee
    ADD CONSTRAINT nre_fee_test_item_id_35f99f93_fk_nre_test_item_id FOREIGN KEY (test_item_id) REFERENCES public.nre_test_item(id) DEFERRABLE INITIALLY DEFERRED;


--
-- TOC entry 3414 (class 2606 OID 24754)
-- Name: nre_function nre_function_customer_id_1ea0badf_fk_nre_customer_id; Type: FK CONSTRAINT; Schema: public; Owner: nre
--

ALTER TABLE ONLY public.nre_function
    ADD CONSTRAINT nre_function_customer_id_1ea0badf_fk_nre_customer_id FOREIGN KEY (customer_id) REFERENCES public.nre_customer(id) DEFERRABLE INITIALLY DEFERRED;


--
-- TOC entry 3415 (class 2606 OID 24797)
-- Name: nre_project nre_project_customer_id_8fd87428_fk_nre_customer_id; Type: FK CONSTRAINT; Schema: public; Owner: nre
--

ALTER TABLE ONLY public.nre_project
    ADD CONSTRAINT nre_project_customer_id_8fd87428_fk_nre_customer_id FOREIGN KEY (customer_id) REFERENCES public.nre_customer(id) DEFERRABLE INITIALLY DEFERRED;


--
-- TOC entry 3423 (class 2606 OID 25377)
-- Name: nre_project_history nre_project_history_project_id_eeca7a89_fk_nre_project_id; Type: FK CONSTRAINT; Schema: public; Owner: nre
--

ALTER TABLE ONLY public.nre_project_history
    ADD CONSTRAINT nre_project_history_project_id_eeca7a89_fk_nre_project_id FOREIGN KEY (project_id) REFERENCES public.nre_project(id) DEFERRABLE INITIALLY DEFERRED;


--
-- TOC entry 3416 (class 2606 OID 25410)
-- Name: nre_project nre_project_user_id_8213ef4e_fk_accounts_user_id; Type: FK CONSTRAINT; Schema: public; Owner: nre
--

ALTER TABLE ONLY public.nre_project
    ADD CONSTRAINT nre_project_user_id_8213ef4e_fk_accounts_user_id FOREIGN KEY (user_id) REFERENCES public.accounts_user(id) DEFERRABLE INITIALLY DEFERRED;


--
-- TOC entry 3419 (class 2606 OID 24766)
-- Name: nre_record nre_record_project_id_281e02d5_fk_nre_project_id; Type: FK CONSTRAINT; Schema: public; Owner: nre
--

ALTER TABLE ONLY public.nre_record
    ADD CONSTRAINT nre_record_project_id_281e02d5_fk_nre_project_id FOREIGN KEY (project_id) REFERENCES public.nre_project(id) DEFERRABLE INITIALLY DEFERRED;


--
-- TOC entry 3420 (class 2606 OID 24771)
-- Name: nre_record nre_record_test_item_id_a4d767a1_fk_nre_test_item_id; Type: FK CONSTRAINT; Schema: public; Owner: nre
--

ALTER TABLE ONLY public.nre_record
    ADD CONSTRAINT nre_record_test_item_id_a4d767a1_fk_nre_test_item_id FOREIGN KEY (test_item_id) REFERENCES public.nre_test_item(id) DEFERRABLE INITIALLY DEFERRED;


--
-- TOC entry 3417 (class 2606 OID 24760)
-- Name: nre_test_item nre_test_item_function_id_9cd56ff3_fk_nre_function_id; Type: FK CONSTRAINT; Schema: public; Owner: nre
--

ALTER TABLE ONLY public.nre_test_item
    ADD CONSTRAINT nre_test_item_function_id_9cd56ff3_fk_nre_function_id FOREIGN KEY (function_id) REFERENCES public.nre_function(id) DEFERRABLE INITIALLY DEFERRED;


--
-- TOC entry 3418 (class 2606 OID 24804)
-- Name: nre_test_item nre_test_item_item_id_3ad8dc54_fk_nre_item_id; Type: FK CONSTRAINT; Schema: public; Owner: nre
--

ALTER TABLE ONLY public.nre_test_item
    ADD CONSTRAINT nre_test_item_item_id_3ad8dc54_fk_nre_item_id FOREIGN KEY (item_id) REFERENCES public.nre_item(id) DEFERRABLE INITIALLY DEFERRED;


--
-- TOC entry 3424 (class 2606 OID 25491)
-- Name: token_blacklist_blacklistedtoken token_blacklist_blacklistedtoken_token_id_3cc7fe56_fk; Type: FK CONSTRAINT; Schema: public; Owner: nre
--

ALTER TABLE ONLY public.token_blacklist_blacklistedtoken
    ADD CONSTRAINT token_blacklist_blacklistedtoken_token_id_3cc7fe56_fk FOREIGN KEY (token_id) REFERENCES public.token_blacklist_outstandingtoken(id) DEFERRABLE INITIALLY DEFERRED;


--
-- TOC entry 3425 (class 2606 OID 25457)
-- Name: token_blacklist_outstandingtoken token_blacklist_outs_user_id_83bc629a_fk_accounts_; Type: FK CONSTRAINT; Schema: public; Owner: nre
--

ALTER TABLE ONLY public.token_blacklist_outstandingtoken
    ADD CONSTRAINT token_blacklist_outs_user_id_83bc629a_fk_accounts_ FOREIGN KEY (user_id) REFERENCES public.accounts_user(id) DEFERRABLE INITIALLY DEFERRED;


-- Completed on 2026-02-24 18:43:51

--
-- PostgreSQL database dump complete
--

\unrestrict k6DLK81aCnJ2bKpMd3Z9YS9gR8cE8e9YcTjq8bKiOZyvTGhPCOElkVav9Y5rYws

